INSERT INTO CATEGORY (CATEGORY_CODE, CATEGORY_NAME) VALUES (1, '한식');
INSERT INTO CATEGORY (CATEGORY_CODE, CATEGORY_NAME) VALUES (2, '일식');
INSERT INTO CATEGORY (CATEGORY_CODE, CATEGORY_NAME) VALUES (3, '양식');
INSERT INTO CATEGORY (CATEGORY_CODE, CATEGORY_NAME) VALUES (4, '중식');
INSERT INTO CATEGORY (CATEGORY_CODE, CATEGORY_NAME) VALUES (5, '카페');


INSERT INTO STORES (STORE_ID, STORE_NAME, CATEGORY_CODE, SEAT_NUM, OPEN_TIME, CLOSE_TIME)
VALUES("STORE_001", "동주의 동그란 주먹밥가게", 1, 25, TO_DATE("09:00", 'HH24:MI'), TO_DATE("21:00", 'HH24:MI'));

INSERT INTO STORES (STORE_ID, STORE_NAME, CATEGORY_CODE, SEAT_NUM, OPEN_TIME, CLOSE_TIME)
VALUES ("STORE_002" ,"스시 시로", 2, 30, TO_DATE("11:00", 'HH24:MI'), TO_DATE("22:00", 'HH24:MI'));

INSERT INTO STORES (STORE_ID, STORE_NAME, CATEGORY_CODE, SEAT_NUM, OPEN_TIME, CLOSE_TIME)
VALUES("STORE_003" ,"루나 스테이크 하우스", 3, 40, TO_DATE("10:00", 'HH24:MI'), TO_DATE("20:00", 'HH24:MI'));

INSERT INTO STORES (STORE_ID, STORE_NAME, CATEGORY_CODE, SEAT_NUM, OPEN_TIME, CLOSE_TIME)
VALUES("STORE_004" ,"만추 중식당" ,4, 50, TO_DATE("11:00", 'HH24:MI'), TO_DATE("21:00", 'HH24:MI'));

INSERT INTO STORES (STORE_ID, STORE_NAME, CATEGORY_CODE, SEAT_NUM, OPEN_TIME, CLOSE_TIME)
VALUES("STORE_005" ,"어반 블렌드", 5 ,20 ,TO_DATE("08:00", 'HH24:MI') ,TO_DATE("22:00", 'HH24:MI'));

INSERT INTO STORES (STORE_ID, STORE_NAME, CATEGORY_CODE, SEAT_NUM, OPEN_TIME, CLOSE_TIME)
VALUES("STORE_006" ,"강남 불백" ,1 ,60 ,TO_DATE("12:00", 'HH24:MI') ,TO_DATE("21:00", 'HH24:MI'));

INSERT INTO STORES (STORE_ID, STORE_NAME, CATEGORY_CODE, SEAT_NUM, OPEN_TIME, CLOSE_TIME)
VALUES("STORE_007" ,"우메노하나" ,2 ,15 ,TO_DATE("18:00", 'HH24:MI') ,TO_DATE("23:00", 'HH24:MI'));

INSERT INTO STORES (STORE_ID, STORE_NAME, CATEGORY_CODE, SEAT_NUM, OPEN_TIME, CLOSE_TIME)
VALUES("STORE_008" ,"봉마르셰 브런치 카페" , 3, 35, TO_DATE("09:00", 'HH24:MI'), TO_DATE("20:00", 'HH24:MI'));

INSERT INTO STORES (STORE_ID, STORE_NAME, CATEGORY_CODE, SEAT_NUM, OPEN_TIME, CLOSE_TIME)
VALUES("STORE_009" ,"홍유성" , 4 , 45, TO_DATE("11:00", 'HH24:MI'), TO_DATE("22:00", 'HH24:MI'));

INSERT INTO STORES (STORE_ID, STORE_NAME, CATEGORY_CODE, SEAT_NUM, OPEN_TIME, CLOSE_TIME)
VALUES("STORE_010" ,"빈스어클락", 5, 25, TO_DATE("10:00", 'HH24:MI'), TO_DATE("22:00", 'HH24:MI'));


INSERT INTO STORES_LOCATION (store_id , longitude, latitude)
VALUES("STORE_001" , "127.027618" , "37.497914");

INSERT INTO STORES_LOCATION (store_id , longitude, latitude)
VALUES("STORE_002" , "127.028913" , "37.502919");

INSERT INTO STORES_LOCATION (store_id , longitude, latitude)
VALUES("STORE_003" , "127.031575" , "37.505051");

INSERT INTO STORES_LOCATION (store_id , longitude, latitude)
VALUES("STORE_004" , "127.042296" , "37.504958");

INSERT INTO STORES_LOCATION (store_id , longitude, latitude)
VALUES("STORE_005" , "127.051936" , "37.508544");

INSERT INTO STORES_LOCATION (store_id , longitude, latitude)
VALUES("STORE_006" , "127.039566" , "37.517316");

INSERT INTO STORES_LOCATION (store_id , longitude, latitude)
VALUES("STORE_007" , "127.045618" , "37.511394");

INSERT INTO STORES_LOCATION (store_id , longitude, latitude)
VALUES("STORE_008" , "127.033618" , "37.500914");

INSERT INTO STORES_LOCATION (store_id , longitude, latitude)
VALUES("STORE_009" , "127.040118" , "37.498114");

INSERT INTO STORES_LOCATION (store_id , longitude, latitude)
VALUES("STORE_010" , "127.052618" , "37.503914");

